,Unnamed: 0,Store,StoreType,Assortment,CompetitionDistance,CompetitionOpenSinceMonth,CompetitionOpenSinceYear,Promo2,Promo2SinceWeek,Promo2SinceYear,PromoInterval
0,1,1,c,a,1270,9,2008,0,,,
1,2,2,a,a,570,11,2007,1,13.0,2010.0,"Jan,Apr,Jul,Oct"
2,3,3,a,a,14130,12,2006,1,14.0,2011.0,"Jan,Apr,Jul,Oct"
3,4,4,c,c,620,9,2009,0,,,
4,5,5,a,a,29910,4,2015,0,,,
5,6,6,a,a,310,12,2013,0,,,
6,7,7,a,c,24000,4,2013,0,,,
7,8,8,a,a,7520,10,2014,0,,,
8,9,9,a,c,2030,8,2000,0,,,
9,10,10,a,a,3160,9,2009,0,,,
10,11,11,a,c,960,11,2011,1,1.0,2012.0,"Jan,Apr,Jul,Oct"
11,12,12,a,c,1070,7,2009,1,13.0,2010.0,"Jan,Apr,Jul,Oct"
12,13,13,d,a,310,6,2007,1,45.0,2009.0,"Feb,May,Aug,Nov"
13,14,14,a,a,1300,3,2014,1,40.0,2011.0,"Jan,Apr,Jul,Oct"
14,15,15,d,c,4110,3,2010,1,14.0,2011.0,"Jan,Apr,Jul,Oct"
15,16,16,a,c,3270,7,2008,0,,,
16,17,17,a,a,50,12,2005,1,26.0,2010.0,"Jan,Apr,Jul,Oct"
17,18,18,d,c,13840,6,2010,1,14.0,2012.0,"Jan,Apr,Jul,Oct"
18,19,19,a,c,3240,7,2009,1,22.0,2011.0,"Mar,Jun,Sept,Dec"
19,20,20,d,a,2340,5,2009,1,40.0,2014.0,"Jan,Apr,Jul,Oct"
20,21,21,c,c,550,10,1999,1,45.0,2009.0,"Jan,Apr,Jul,Oct"
21,22,22,a,a,1040,7,2008,1,22.0,2012.0,"Jan,Apr,Jul,Oct"
22,23,23,d,a,4060,8,2005,0,,,
23,24,24,a,c,4590,3,2000,1,40.0,2011.0,"Jan,Apr,Jul,Oct"
24,25,25,c,a,430,4,2003,0,,,
25,26,26,d,a,2300,7,2008,0,,,
26,27,27,a,a,60,1,2005,1,5.0,2011.0,"Jan,Apr,Jul,Oct"
27,28,28,a,a,1200,10,2014,1,6.0,2015.0,"Mar,Jun,Sept,Dec"
28,29,29,d,c,2170,7,2008,0,,,
29,30,30,a,a,40,2,2014,1,10.0,2014.0,"Mar,Jun,Sept,Dec"
30,31,31,d,c,9800,7,2012,0,,,
31,32,32,a,a,2910,6,2007,1,45.0,2009.0,"Feb,May,Aug,Nov"
32,33,33,a,c,1320,5,2013,0,,,
33,34,34,c,a,2240,9,2009,0,,,
34,35,35,d,c,7660,10,2000,1,1.0,2012.0,"Jan,Apr,Jul,Oct"
35,36,36,a,c,540,6,2003,1,40.0,2014.0,"Jan,Apr,Jul,Oct"
36,37,37,c,a,4230,12,2014,0,,,
37,38,38,d,a,1090,4,2007,0,,,
38,39,39,a,a,260,10,2006,1,31.0,2013.0,"Feb,May,Aug,Nov"
39,40,40,a,a,180,6,2007,1,45.0,2009.0,"Feb,May,Aug,Nov"
40,41,41,d,c,1180,8,2008,1,31.0,2013.0,"Jan,Apr,Jul,Oct"
41,42,42,a,c,290,7,2007,1,40.0,2011.0,"Jan,Apr,Jul,Oct"
42,43,43,d,a,4880,6,2008,1,37.0,2009.0,"Jan,Apr,Jul,Oct"
43,44,44,a,a,540,6,2011,0,,,
44,45,45,d,a,9710,2,2014,0,,,
45,46,46,c,a,1200,9,2005,1,14.0,2011.0,"Jan,Apr,Jul,Oct"
46,47,47,a,c,270,4,2013,1,14.0,2013.0,"Jan,Apr,Jul,Oct"
47,48,48,a,a,1060,5,2012,0,,,
48,49,49,d,c,18010,9,2007,0,,,
49,50,50,d,a,6260,11,2009,0,,,
50,51,51,a,c,10570,7,2013,1,9.0,2011.0,"Jan,Apr,Jul,Oct"
51,52,52,d,c,450,4,2014,1,39.0,2010.0,"Jan,Apr,Jul,Oct"
52,53,53,a,c,30360,9,2013,0,,,
53,54,54,d,c,7170,8,2014,1,5.0,2013.0,"Feb,May,Aug,Nov"
54,55,55,a,a,720,11,2004,0,,,
55,56,56,d,c,6620,3,2012,1,10.0,2014.0,"Mar,Jun,Sept,Dec"
56,57,57,d,c,420,6,2014,0,,,
57,58,58,a,c,7340,5,2008,1,27.0,2012.0,"Jan,Apr,Jul,Oct"
58,59,59,a,c,2840,6,2007,1,14.0,2011.0,"Jan,Apr,Jul,Oct"
59,60,60,d,c,5540,10,2009,0,,,
60,61,61,a,c,350,12,2007,1,1.0,2012.0,"Jan,Apr,Jul,Oct"
61,62,62,a,a,2050,7,2008,0,,,
62,63,63,c,c,3700,6,2010,1,18.0,2010.0,"Feb,May,Aug,Nov"
63,64,64,d,c,22560,7,2011,1,14.0,2013.0,"Jan,Apr,Jul,Oct"
64,65,65,a,c,13840,5,2010,1,1.0,2012.0,"Jan,Apr,Jul,Oct"
65,66,66,d,a,7660,6,2008,1,37.0,2009.0,"Jan,Apr,Jul,Oct"
66,67,67,a,c,410,2,2006,0,,,
67,68,68,a,c,250,7,2008,1,35.0,2012.0,"Mar,Jun,Sept,Dec"
68,69,69,c,c,1130,7,2007,1,40.0,2011.0,"Jan,Apr,Jul,Oct"
69,70,70,c,c,4840,7,2009,0,,,
70,71,71,a,a,17500,8,2008,1,37.0,2009.0,"Mar,Jun,Sept,Dec"
71,72,72,a,a,2200,12,2009,1,13.0,2010.0,"Jan,Apr,Jul,Oct"
72,73,73,a,c,1650,9,2008,0,,,
73,74,74,a,a,330,7,2008,0,,,
74,75,75,d,c,22440,12,2013,0,,,
75,76,76,d,c,19960,3,2006,0,,,
76,77,77,d,c,1090,8,2009,1,10.0,2014.0,"Jan,Apr,Jul,Oct"
77,78,78,a,a,3510,11,2006,1,5.0,2013.0,"Feb,May,Aug,Nov"
78,79,79,a,a,3320,7,2008,0,,,
79,80,80,d,a,7910,7,2009,0,,,
80,81,81,a,a,2370,3,2011,1,40.0,2014.0,"Jan,Apr,Jul,Oct"
81,82,82,a,a,22390,4,2008,1,37.0,2009.0,"Jan,Apr,Jul,Oct"
82,83,83,a,a,2710,7,2008,0,,,
83,84,84,a,c,11810,8,2014,0,,,
84,85,85,b,a,1870,10,2011,0,,,
85,86,86,a,a,480,2,2005,1,31.0,2013.0,"Jan,Apr,Jul,Oct"
86,87,87,a,a,560,12,2010,0,,,
87,88,88,a,a,10690,10,2005,0,,,
88,89,89,a,a,2380,7,2004,1,40.0,2014.0,"Jan,Apr,Jul,Oct"
89,90,90,a,a,330,11,2007,0,,,
90,91,91,c,a,2410,7,2008,1,35.0,2011.0,"Jan,Apr,Jul,Oct"
91,92,92,c,a,240,6,2007,1,45.0,2009.0,"Feb,May,Aug,Nov"
92,93,93,a,a,16690,7,2010,1,14.0,2011.0,"Jan,Apr,Jul,Oct"
93,94,94,d,c,14620,7,2009,0,,,
94,95,95,a,a,1890,10,2014,0,,,
95,96,96,a,a,8780,2,2005,1,37.0,2009.0,"Jan,Apr,Jul,Oct"
96,97,97,d,c,8980,7,2009,0,,,
97,98,98,d,c,15140,12,2006,1,1.0,2012.0,"Jan,Apr,Jul,Oct"
98,99,99,c,c,2030,11,2003,1,22.0,2012.0,"Mar,Jun,Sept,Dec"
99,100,100,d,a,17930,7,2010,0,,,
100,101,101,d,c,2440,7,2009,1,22.0,2012.0,"Mar,Jun,Sept,Dec"
101,102,102,a,a,150,12,2007,1,10.0,2014.0,"Mar,Jun,Sept,Dec"
102,103,103,d,c,5210,5,2015,0,,,
103,104,104,a,a,390,6,2009,0,,,
104,105,105,a,c,6190,8,2009,1,23.0,2013.0,"Mar,Jun,Sept,Dec"
105,106,106,a,a,1390,8,2013,0,,,
106,107,107,a,a,1930,9,2009,0,,,
107,108,108,d,c,2190,9,2003,0,,,
108,109,109,a,c,3300,11,2010,0,,,
109,110,110,a,c,46590,4,2013,0,,,
110,111,111,d,c,7890,6,2008,1,37.0,2009.0,"Jan,Apr,Jul,Oct"
111,112,112,a,a,1630,9,2009,0,,,
112,113,113,d,c,20930,11,1999,0,,,
113,114,114,c,a,4510,6,2007,1,48.0,2011.0,"Mar,Jun,Sept,Dec"
114,115,115,d,c,5740,4,2007,1,40.0,2014.0,"Jan,Apr,Jul,Oct"
115,116,116,a,a,680,4,2013,0,,,
116,117,117,a,a,3450,9,2011,0,,,
117,118,118,d,c,3580,9,2012,0,,,
118,119,119,a,c,2100,2,2010,0,,,
119,120,120,d,a,2290,12,2014,1,37.0,2009.0,"Jan,Apr,Jul,Oct"
120,121,121,a,a,3570,11,2009,1,36.0,2013.0,"Mar,Jun,Sept,Dec"
121,122,122,a,c,58260,4,2013,0,,,
122,123,123,a,a,16760,9,2011,0,,,
123,124,124,a,a,1410,4,2003,0,,,
124,125,125,a,a,760,12,2005,0,,,
125,126,126,d,a,3370,10,2014,1,18.0,2011.0,"Feb,May,Aug,Nov"
126,127,127,d,a,1350,12,2005,1,13.0,2010.0,"Jan,Apr,Jul,Oct"
127,128,128,d,c,2000,8,2010,1,1.0,2013.0,"Jan,Apr,Jul,Oct"
128,129,129,a,a,2460,7,2009,1,14.0,2011.0,"Jan,Apr,Jul,Oct"
129,130,130,c,a,900,7,2009,1,13.0,2010.0,"Jan,Apr,Jul,Oct"
130,131,131,c,a,920,7,2015,0,,,
131,132,132,d,c,1040,7,2008,1,27.0,2012.0,"Jan,Apr,Jul,Oct"
132,133,133,a,a,270,8,2013,1,10.0,2014.0,"Mar,Jun,Sept,Dec"
133,134,134,a,a,1200,9,2008,0,,,
134,135,135,d,a,5190,8,2010,1,1.0,2013.0,"Jan,Apr,Jul,Oct"
135,136,136,a,c,2200,12,2010,1,22.0,2012.0,"Feb,May,Aug,Nov"
136,137,137,a,a,1730,7,2015,1,40.0,2014.0,"Jan,Apr,Jul,Oct"
137,138,138,a,c,25360,10,2014,0,,,
138,139,139,a,a,1700,1,2008,1,14.0,2011.0,"Jan,Apr,Jul,Oct"
139,140,140,a,c,1090,7,2010,1,1.0,2013.0,"Jan,Apr,Jul,Oct"
140,141,141,c,c,1540,7,2008,1,22.0,2012.0,"Mar,Jun,Sept,Dec"
141,142,142,a,a,1090,7,2002,0,,,
142,143,143,d,a,2930,12,2002,0,,,
143,144,144,a,c,16570,7,2009,0,,,
144,145,145,a,a,280,6,2007,1,45.0,2009.0,"Feb,May,Aug,Nov"
145,146,146,d,c,8050,10,1961,1,48.0,2012.0,"Jan,Apr,Jul,Oct"
146,147,147,d,c,8540,7,2009,0,,,
147,148,148,a,a,2090,12,2008,0,,,
148,149,149,d,a,2610,7,2006,1,14.0,2011.0,"Jan,Apr,Jul,Oct"
149,150,150,c,c,31830,3,2010,0,,,
150,151,151,d,c,4360,10,2005,0,,,
151,152,152,a,a,1780,7,2008,0,,,
152,153,153,a,a,16240,10,2000,1,18.0,2011.0,"Feb,May,Aug,Nov"
153,154,154,d,c,16420,7,2009,0,,,
154,155,155,d,a,3050,6,2008,1,35.0,2010.0,"Jan,Apr,Jul,Oct"
155,156,156,a,a,2020,2,2011,1,14.0,2011.0,"Mar,Jun,Sept,Dec"
156,157,157,a,c,2950,10,2004,0,,,
157,158,158,d,c,11840,6,2008,1,31.0,2009.0,"Feb,May,Aug,Nov"
158,159,159,d,a,8530,3,2013,0,,,
159,160,160,d,c,17110,11,2005,0,,,
160,161,161,a,c,2970,3,2005,0,,,
161,162,162,d,c,5340,3,2012,1,13.0,2010.0,"Jan,Apr,Jul,Oct"
162,163,163,a,a,1480,4,2009,0,,,
163,164,164,a,a,1160,9,2005,1,13.0,2010.0,"Jan,Apr,Jul,Oct"
164,165,165,a,a,3720,4,2005,1,13.0,2010.0,"Jan,Apr,Jul,Oct"
165,166,166,a,c,100,4,2014,1,31.0,2013.0,"Jan,Apr,Jul,Oct"
166,167,167,a,a,140,4,2008,0,,,
167,168,168,a,a,12540,7,2009,0,,,
168,169,169,d,a,980,7,2014,1,18.0,2014.0,"Feb,May,Aug,Nov"
169,170,170,a,a,1070,5,2015,1,14.0,2011.0,"Jan,Apr,Jul,Oct"
170,171,171,a,a,2640,7,2008,0,,,
171,172,172,a,a,110,8,2007,1,40.0,2014.0,"Jan,Apr,Jul,Oct"
172,173,173,a,a,350,12,2012,0,,,
173,174,174,a,a,13090,7,2009,1,22.0,2012.0,"Jan,Apr,Jul,Oct"
174,175,175,c,a,4130,7,2009,0,,,
175,176,176,a,a,3770,7,2009,0,,,
176,177,177,a,a,1250,2,2004,1,5.0,2013.0,"Feb,May,Aug,Nov"
177,178,178,d,a,1710,7,2008,0,,,
178,179,179,a,c,480,7,2008,0,,,
179,180,180,d,a,5800,9,2010,0,,,
180,181,181,a,a,12610,3,2013,1,14.0,2011.0,"Jan,Apr,Jul,Oct"
181,182,182,d,c,1390,7,2009,1,9.0,2011.0,"Mar,Jun,Sept,Dec"
182,183,183,a,a,9670,7,2009,0,,,
183,184,184,d,c,3560,7,2008,0,,,
184,185,185,d,c,1860,5,2015,0,,,
185,186,186,a,a,290,10,2011,1,40.0,2014.0,"Jan,Apr,Jul,Oct"
186,187,187,a,c,19360,7,2010,0,,,
187,188,188,d,a,850,7,2009,1,18.0,2011.0,"Feb,May,Aug,Nov"
188,189,189,d,a,5760,7,2014,0,,,
189,190,190,a,a,1470,12,2006,1,40.0,2014.0,"Jan,Apr,Jul,Oct"
190,191,191,a,a,1100,8,2013,1,40.0,2014.0,"Jan,Apr,Jul,Oct"
191,192,192,d,c,2770,3,2008,1,40.0,2014.0,"Jan,Apr,Jul,Oct"
192,193,193,a,a,520,7,2008,0,,,
193,194,194,d,c,16970,8,2011,1,5.0,2013.0,"Feb,May,Aug,Nov"
194,195,195,a,c,220,7,2008,0,,,
195,196,196,c,a,3850,11,2005,1,14.0,2011.0,"Jan,Apr,Jul,Oct"
196,197,197,c,a,4210,3,2015,0,,,
197,198,198,a,a,290,9,2002,1,13.0,2010.0,"Jan,Apr,Jul,Oct"
198,199,199,d,c,6360,12,2010,1,14.0,2012.0,"Mar,Jun,Sept,Dec"
199,200,200,a,a,1650,10,2000,0,,,
200,201,201,d,a,20260,8,2010,1,18.0,2014.0,"Mar,Jun,Sept,Dec"
201,202,202,d,c,5140,5,2010,0,,,
202,203,203,c,c,490,11,2002,0,,,
203,204,204,a,a,5630,12,2002,1,40.0,2014.0,"Jan,Apr,Jul,Oct"
204,205,205,a,a,110,12,2007,0,,,
205,206,206,a,c,380,8,2009,1,14.0,2012.0,"Jan,Apr,Jul,Oct"
206,207,207,a,a,6870,7,2009,0,,,
207,208,208,c,a,300,4,2006,0,,,
208,209,209,a,c,11680,9,2011,1,31.0,2013.0,"Jan,Apr,Jul,Oct"
209,210,210,d,a,970,11,1999,1,5.0,2013.0,"Feb,May,Aug,Nov"
210,211,211,a,c,350,11,2006,0,,,
211,212,212,a,c,15050,9,2008,0,,,
212,213,213,d,c,4030,3,2014,1,1.0,2014.0,"Jan,Apr,Jul,Oct"
213,214,214,d,a,8650,7,2013,1,10.0,2014.0,"Jan,Apr,Jul,Oct"
214,215,215,d,a,150,6,2007,1,45.0,2009.0,"Feb,May,Aug,Nov"
215,216,216,c,a,190,6,2007,1,45.0,2009.0,"Feb,May,Aug,Nov"
216,217,217,c,a,3150,7,2008,0,,,
217,218,218,a,c,640,7,2009,1,9.0,2011.0,"Mar,Jun,Sept,Dec"
218,219,219,a,a,1640,2,2013,0,,,
219,220,220,a,a,1000,9,2008,0,,,
220,221,221,d,c,13530,9,2013,0,,,
221,222,222,a,a,2170,11,2008,0,,,
222,223,223,d,c,2920,10,1995,1,27.0,2011.0,"Jan,Apr,Jul,Oct"
223,224,224,d,c,7930,8,2010,1,1.0,2013.0,"Jan,Apr,Jul,Oct"
224,225,225,d,a,10180,5,2015,0,,,
225,226,226,a,a,450,7,2008,0,,,
226,227,227,a,a,2370,7,2008,0,,,
227,228,228,d,c,10800,7,2009,1,18.0,2011.0,"Feb,May,Aug,Nov"
228,229,229,d,c,17410,4,2007,1,14.0,2011.0,"Jan,Apr,Jul,Oct"
229,230,230,d,c,6680,9,2013,0,,,
230,231,231,d,c,3840,10,2008,1,39.0,2010.0,"Feb,May,Aug,Nov"
231,232,232,c,c,13570,5,2010,1,10.0,2013.0,"Mar,Jun,Sept,Dec"
232,233,233,a,a,1890,7,2008,0,,,
233,234,234,d,a,4370,7,2009,0,,,
234,235,235,a,a,5710,3,2012,1,37.0,2009.0,"Jan,Apr,Jul,Oct"
235,236,236,a,a,1000,11,2007,0,,,
236,237,237,a,a,1420,11,2007,0,,,
237,238,238,a,a,320,6,2007,1,45.0,2009.0,"Feb,May,Aug,Nov"
238,239,239,d,c,610,7,2008,0,,,
239,240,240,a,a,1110,5,2009,0,,,
240,241,241,d,c,780,7,2008,0,,,
241,242,242,d,a,6880,9,2001,1,14.0,2011.0,"Jan,Apr,Jul,Oct"
242,243,243,a,a,310,8,2009,1,5.0,2013.0,"Feb,May,Aug,Nov"
243,244,244,d,a,710,3,2012,1,1.0,2012.0,"Jan,Apr,Jul,Oct"
244,245,245,a,c,1310,7,2008,0,,,
245,246,246,c,a,4660,4,2013,0,,,
246,247,247,d,c,70,11,2010,1,5.0,2013.0,"Feb,May,Aug,Nov"
247,248,248,a,c,340,9,2012,1,40.0,2012.0,"Jan,Apr,Jul,Oct"
248,249,249,d,c,18010,9,2014,0,,,
249,250,250,d,a,3520,7,2009,1,18.0,2012.0,"Feb,May,Aug,Nov"
250,251,251,a,c,340,7,2008,0,,,
251,252,252,d,c,22330,6,2011,1,5.0,2010.0,"Feb,May,Aug,Nov"
252,253,253,a,c,250,8,2009,1,5.0,2013.0,"Feb,May,Aug,Nov"
253,254,254,d,a,330,3,2008,1,1.0,2012.0,"Mar,Jun,Sept,Dec"
254,255,255,c,c,4630,3,2011,1,35.0,2011.0,"Feb,May,Aug,Nov"
255,256,256,a,c,80,9,2005,1,10.0,2014.0,"Mar,Jun,Sept,Dec"
256,257,257,a,a,420,12,2012,0,,,
257,258,258,a,a,27190,7,2010,1,37.0,2009.0,"Jan,Apr,Jul,Oct"
258,259,259,b,b,210,7,2008,0,,,
259,260,260,a,a,540,10,2011,0,,,
260,261,261,d,c,15340,4,2015,1,39.0,2009.0,"Jan,Apr,Jul,Oct"
261,262,262,b,a,1180,5,2013,0,,,
262,263,263,a,c,1140,5,2013,1,40.0,2014.0,"Jan,Apr,Jul,Oct"
263,264,264,a,a,180,3,2014,0,,,
264,265,265,a,a,4580,9,2009,1,14.0,2015.0,"Jan,Apr,Jul,Oct"
265,266,266,a,c,360,3,2014,1,9.0,2011.0,"Mar,Jun,Sept,Dec"
266,267,267,c,a,2460,1,2012,0,,,
267,268,268,a,a,4520,2,2014,0,,,
268,269,269,a,c,60,6,2015,0,,,
269,270,270,a,a,1450,7,2014,0,,,
270,271,271,a,a,420,7,2009,1,14.0,2011.0,"Jan,Apr,Jul,Oct"
271,272,272,a,a,16180,7,2003,1,14.0,2011.0,"Jan,Apr,Jul,Oct"
272,273,273,a,c,8480,7,2009,0,,,
273,274,274,b,b,3640,8,2009,1,10.0,2013.0,"Jan,Apr,Jul,Oct"
274,275,275,d,a,300,5,2014,1,40.0,2014.0,"Jan,Apr,Jul,Oct"
275,276,276,a,a,2960,10,2014,1,36.0,2013.0,"Mar,Jun,Sept,Dec"
276,277,277,d,c,7840,6,2008,1,31.0,2009.0,"Feb,May,Aug,Nov"
277,278,278,a,c,9260,2,2010,0,,,
278,279,279,d,c,2320,7,2007,1,40.0,2012.0,"Jan,Apr,Jul,Oct"
279,280,280,d,c,18640,9,2013,1,10.0,2014.0,"Mar,Jun,Sept,Dec"
280,281,281,d,c,6970,9,2011,0,,,
281,282,282,a,a,1220,12,2010,0,,,
282,283,283,a,a,2260,8,2008,1,40.0,2014.0,"Jan,Apr,Jul,Oct"
283,284,284,d,a,1290,8,2008,1,40.0,2014.0,"Jan,Apr,Jul,Oct"
284,285,285,a,a,2410,7,2008,0,,,
285,286,286,a,a,1460,4,2015,0,,,
286,287,287,c,a,2740,5,2009,1,40.0,2014.0,"Jan,Apr,Jul,Oct"
287,288,288,d,a,800,7,2009,1,14.0,2011.0,"Mar,Jun,Sept,Dec"
288,289,289,d,a,6540,12,2007,0,,,
289,290,290,a,a,4150,5,2001,0,,,
290,291,291,d,a,5404,7,2009,0,,,
291,292,292,a,a,1100,6,2009,0,,,
292,293,293,c,c,140,11,2007,0,,,
293,294,294,a,a,3150,5,2005,0,,,
294,295,295,a,a,210,11,2000,1,36.0,2013.0,"Mar,Jun,Sept,Dec"
295,296,296,a,a,9580,5,2007,1,45.0,2014.0,"Feb,May,Aug,Nov"
296,297,297,a,a,2300,9,2010,0,,,
297,298,298,d,a,19840,7,2009,0,,,
298,299,299,d,c,38630,9,2012,0,,,
299,300,300,a,c,120,4,2009,1,1.0,2012.0,"Jan,Apr,Jul,Oct"
300,301,301,a,c,4510,3,2015,0,,,
301,302,302,d,c,2190,12,2007,1,9.0,2011.0,"Mar,Jun,Sept,Dec"
302,303,303,a,a,15430,11,2012,1,18.0,2011.0,"Feb,May,Aug,Nov"
303,304,304,a,a,1950,7,2015,0,,,
304,305,305,c,c,2470,2,2005,1,31.0,2013.0,"Mar,Jun,Sept,Dec"
305,306,306,a,a,5100,4,2007,1,40.0,2014.0,"Jan,Apr,Jul,Oct"
306,307,307,a,a,18660,9,2002,0,,,
307,308,308,a,a,1070,12,2006,1,13.0,2010.0,"Jan,Apr,Jul,Oct"
308,309,309,d,a,8740,6,2008,1,37.0,2009.0,"Feb,May,Aug,Nov"
309,310,310,a,c,2290,8,2009,1,10.0,2014.0,"Mar,Jun,Sept,Dec"
310,311,311,a,c,680,7,2005,0,,,
311,312,312,d,a,11300,3,2012,0,,,
312,313,313,d,c,14160,7,2009,0,,,
313,314,314,a,a,3560,10,2001,1,31.0,2013.0,"Feb,May,Aug,Nov"
314,315,315,a,c,38710,4,2013,0,,,
315,316,316,d,a,9000,8,2001,0,,,
316,317,317,d,a,3140,7,2013,1,14.0,2011.0,"Jan,Apr,Jul,Oct"
317,318,318,d,c,32330,3,2014,0,,,
318,319,319,a,c,570,9,2012,1,27.0,2012.0,"Mar,Jun,Sept,Dec"
319,320,320,a,c,210,9,2012,0,,,
320,321,321,c,c,8140,11,2013,1,10.0,2014.0,"Mar,Jun,Sept,Dec"
321,322,322,a,a,17500,4,2001,1,37.0,2009.0,"Jan,Apr,Jul,Oct"
322,323,323,d,c,8400,4,2012,1,5.0,2013.0,"Feb,May,Aug,Nov"
323,324,324,a,a,13140,7,2010,1,14.0,2011.0,"Jan,Apr,Jul,Oct"
324,325,325,a,c,350,3,2011,1,22.0,2011.0,"Feb,May,Aug,Nov"
325,326,326,d,a,10070,5,2015,1,31.0,2013.0,"Feb,May,Aug,Nov"
326,327,327,c,c,1390,12,2004,0,,,
327,328,328,a,a,3130,7,2002,0,,,
328,329,329,a,a,1310,6,1990,1,22.0,2012.0,"Mar,Jun,Sept,Dec"
329,330,330,a,c,370,7,2008,1,22.0,2012.0,"Mar,Jun,Sept,Dec"
330,331,331,a,c,670,9,2009,1,14.0,2015.0,"Jan,Apr,Jul,Oct"
331,332,332,a,a,1840,3,2006,0,,,
332,333,333,a,c,3720,2,2010,0,,,
333,334,334,d,c,4040,8,2008,1,18.0,2013.0,"Mar,Jun,Sept,Dec"
334,335,335,b,a,90,8,2008,1,31.0,2013.0,"Jan,Apr,Jul,Oct"
335,336,336,a,a,190,7,2014,0,,,
336,337,337,d,c,10600,7,2005,1,45.0,2014.0,"Feb,May,Aug,Nov"
337,338,338,a,c,1590,6,2007,1,37.0,2009.0,"Jan,Apr,Jul,Oct"
338,339,339,a,c,2280,8,2009,1,10.0,2013.0,"Mar,Jun,Sept,Dec"
339,340,340,a,c,8080,7,2009,0,,,
340,341,341,a,a,190,9,2011,0,,,
341,342,342,d,c,15770,7,2009,1,40.0,2014.0,"Jan,Apr,Jul,Oct"
342,343,343,d,a,18650,4,2004,1,14.0,2014.0,"Jan,Apr,Jul,Oct"
343,344,344,a,c,300,4,2011,1,14.0,2011.0,"Jan,Apr,Jul,Oct"
344,345,345,a,a,120,8,2008,1,22.0,2012.0,"Jan,Apr,Jul,Oct"
345,346,346,a,c,8090,7,2009,0,,,
346,347,347,d,c,9360,7,2013,1,22.0,2012.0,"Mar,Jun,Sept,Dec"
347,348,348,a,a,16490,7,2010,1,22.0,2012.0,"Jan,Apr,Jul,Oct"
348,349,349,c,c,1490,4,2009,0,,,
349,350,350,d,a,8880,7,2009,1,14.0,2011.0,"Jan,Apr,Jul,Oct"
350,351,351,a,a,5290,11,2012,1,5.0,2013.0,"Feb,May,Aug,Nov"
351,352,352,d,c,6360,7,2008,1,40.0,2012.0,"Mar,Jun,Sept,Dec"
352,353,353,b,b,900,8,2009,1,14.0,2013.0,"Feb,May,Aug,Nov"
353,354,354,d,c,1500,10,2005,0,,,
354,355,355,a,c,9720,8,2013,0,,,
355,356,356,d,c,8970,12,2007,1,22.0,2012.0,"Feb,May,Aug,Nov"
356,357,357,a,a,2060,10,2008,0,,,
357,358,358,a,a,2890,10,2003,0,,,
358,359,359,d,c,4370,7,2009,0,,,
359,360,360,a,a,2040,6,2007,0,,,
360,361,361,c,c,4490,5,2014,1,5.0,2013.0,"Feb,May,Aug,Nov"
361,362,362,c,c,340,7,2008,0,,,
362,363,363,a,a,250,9,2009,0,,,
363,364,364,a,c,13620,8,2010,1,10.0,2014.0,"Mar,Jun,Sept,Dec"
364,365,365,c,a,2410,6,2007,1,45.0,2009.0,"Feb,May,Aug,Nov"
365,366,366,d,c,6470,12,2004,0,,,
366,367,367,d,c,2640,9,2012,0,,,
367,368,368,d,c,1450,4,2005,1,45.0,2009.0,"Feb,May,Aug,Nov"
368,369,369,d,c,5870,4,2014,0,,,
369,370,370,d,a,8250,10,2000,1,31.0,2009.0,"Jan,Apr,Jul,Oct"
370,371,371,d,c,1970,7,2009,1,45.0,2014.0,"Feb,May,Aug,Nov"
371,372,372,d,c,4880,8,2010,1,18.0,2014.0,"Jan,Apr,Jul,Oct"
372,373,373,d,c,11120,7,2009,1,22.0,2012.0,"Jan,Apr,Jul,Oct"
373,374,374,a,a,1150,9,2007,0,,,
374,375,375,a,c,15710,2,2013,1,37.0,2009.0,"Jan,Apr,Jul,Oct"
375,376,376,a,a,160,8,2012,0,,,
376,377,377,a,c,100,6,2010,1,18.0,2010.0,"Feb,May,Aug,Nov"
377,378,378,a,c,2140,8,2012,0,,,
378,379,379,d,a,6630,7,2009,0,,,
379,380,380,a,a,2240,5,2013,1,10.0,2014.0,"Mar,Jun,Sept,Dec"
380,381,381,a,a,1800,11,2006,1,5.0,2013.0,"Feb,May,Aug,Nov"
381,382,382,c,c,26130,11,2002,0,,,
382,383,383,a,c,350,7,2008,0,,,
383,384,384,a,c,130,7,2009,1,14.0,2011.0,"Jan,Apr,Jul,Oct"
384,385,385,d,a,4580,9,2007,0,,,
385,386,386,d,c,1460,4,2014,1,31.0,2013.0,"Jan,Apr,Jul,Oct"
386,387,387,c,a,210,7,2008,1,36.0,2013.0,"Mar,Jun,Sept,Dec"
387,388,388,a,a,2260,7,2008,0,,,
388,389,389,a,c,6690,8,2011,0,,,
389,390,390,a,c,1600,4,2009,0,,,
390,391,391,a,a,460,11,2014,1,31.0,2013.0,"Feb,May,Aug,Nov"
391,392,392,a,a,2120,7,2008,0,,,
392,393,393,d,c,4820,3,2008,0,,,
393,394,394,d,a,10850,7,2009,0,,,
394,395,395,a,a,3620,2,2013,0,,,
395,396,396,a,c,23130,6,2010,0,,,
396,397,397,a,c,130,8,2008,1,27.0,2013.0,"Feb,May,Aug,Nov"
397,398,398,c,c,1540,8,2010,1,1.0,2012.0,"Jan,Apr,Jul,Oct"
398,399,399,a,a,5360,9,2012,1,40.0,2011.0,"Jan,Apr,Jul,Oct"
399,400,400,a,a,70,11,2004,1,14.0,2011.0,"Jan,Apr,Jul,Oct"
400,401,401,a,c,9200,10,2009,1,14.0,2012.0,"Jan,Apr,Jul,Oct"
401,402,402,c,c,5830,9,2011,1,13.0,2010.0,"Jan,Apr,Jul,Oct"
402,403,403,a,a,4970,7,2015,0,,,
403,404,404,a,c,1420,8,2009,1,10.0,2013.0,"Mar,Jun,Sept,Dec"
404,405,405,a,a,1080,4,2008,1,14.0,2011.0,"Jan,Apr,Jul,Oct"
405,406,406,d,c,8240,3,2001,1,10.0,2013.0,"Feb,May,Aug,Nov"
406,407,407,a,a,5890,10,2003,1,14.0,2011.0,"Feb,May,Aug,Nov"
407,408,408,c,a,1560,6,2007,1,45.0,2009.0,"Feb,May,Aug,Nov"
408,409,409,d,c,840,8,2010,1,1.0,2013.0,"Jan,Apr,Jul,Oct"
409,410,410,c,a,40,11,2011,1,22.0,2012.0,"Mar,Jun,Sept,Dec"
410,411,411,d,c,8460,7,2009,0,,,
411,412,412,d,c,4460,6,2007,1,39.0,2010.0,"Jan,Apr,Jul,Oct"
412,413,413,a,c,760,9,2014,0,,,
413,414,414,d,c,6210,8,2010,1,1.0,2013.0,"Jan,Apr,Jul,Oct"
414,415,415,d,c,6910,4,2005,0,,,
415,416,416,a,c,4650,6,2014,0,,,
416,417,417,a,c,840,8,2009,1,10.0,2014.0,"Jan,Apr,Jul,Oct"
417,418,418,a,a,1060,5,2009,1,27.0,2011.0,"Feb,May,Aug,Nov"
418,419,419,c,a,1620,9,2009,0,,,
419,420,420,d,c,250,7,2008,1,27.0,2012.0,"Jan,Apr,Jul,Oct"
420,421,421,c,c,3530,6,2012,1,35.0,2012.0,"Mar,Jun,Sept,Dec"
421,422,422,a,c,2880,7,2008,0,,,
422,423,423,b,a,1270,5,2014,0,,,
423,424,424,d,c,1250,7,2007,1,40.0,2011.0,"Jan,Apr,Jul,Oct"
424,425,425,d,c,1460,7,2008,0,,,
425,426,426,a,a,250,7,2008,0,,,
426,427,427,a,c,70,7,2005,1,13.0,2010.0,"Jan,Apr,Jul,Oct"
427,428,428,d,a,2960,12,2014,1,23.0,2015.0,"Mar,Jun,Sept,Dec"
428,429,429,d,c,16350,7,2005,1,31.0,2013.0,"Jan,Apr,Jul,Oct"
429,430,430,d,c,12870,10,2008,0,,,
430,431,431,d,c,4520,7,2009,0,,,
431,432,432,a,a,810,5,2013,0,,,
432,433,433,a,c,30030,11,2010,0,,,
433,434,434,a,a,13020,8,2003,1,40.0,2014.0,"Jan,Apr,Jul,Oct"
434,435,435,a,a,910,7,2008,0,,,
435,436,436,d,a,2300,7,2008,0,,,
436,437,437,c,c,430,6,2007,1,50.0,2010.0,"Jan,Apr,Jul,Oct"
437,438,438,d,c,1110,7,2007,1,40.0,2012.0,"Jan,Apr,Jul,Oct"
438,439,439,a,a,1350,9,2009,0,,,
439,440,440,d,a,3900,4,2005,1,45.0,2009.0,"Feb,May,Aug,Nov"
440,441,441,d,a,2530,7,2008,0,,,
441,442,442,c,a,500,6,2007,1,45.0,2009.0,"Feb,May,Aug,Nov"
442,443,443,d,a,11400,12,2005,0,,,
443,444,444,c,a,1700,11,2009,0,,,
444,445,445,a,a,240,7,2008,0,,,
445,446,446,a,a,340,10,2000,1,31.0,2013.0,"Feb,May,Aug,Nov"
446,447,447,a,c,1510,9,2013,0,,,
447,448,448,a,c,3970,9,2009,0,,,
448,449,449,a,c,120,12,2014,1,37.0,2009.0,"Jan,Apr,Jul,Oct"
449,450,450,c,a,5780,11,1994,1,10.0,2014.0,"Mar,Jun,Sept,Dec"
450,451,451,a,a,2460,4,2009,1,13.0,2010.0,"Jan,Apr,Jul,Oct"
451,452,452,a,c,1850,8,2013,1,5.0,2011.0,"Feb,May,Aug,Nov"
452,453,453,a,c,75860,4,2014,0,,,
453,454,454,a,a,26450,6,2010,0,,,
454,455,455,d,c,7660,9,2010,0,,,
455,456,456,a,c,140,7,2008,0,,,
456,457,457,d,c,13140,7,2009,1,31.0,2013.0,"Jan,Apr,Jul,Oct"
457,458,458,c,a,3390,7,2008,0,,,
458,459,459,a,a,250,9,2008,1,5.0,2013.0,"Feb,May,Aug,Nov"
459,460,460,a,a,34050,4,2008,0,,,
460,461,461,d,c,1790,7,2013,1,40.0,2013.0,"Jan,Apr,Jul,Oct"
461,462,462,a,a,44320,8,2008,0,,,
462,463,463,a,a,4160,7,2009,0,,,
463,464,464,c,a,520,3,2009,0,,,
464,465,465,d,c,10890,4,2005,0,,,
465,466,466,a,c,3110,3,2003,0,,,
466,467,467,a,c,20390,4,2008,0,,,
467,468,468,c,c,5260,9,2012,0,,,
468,469,469,c,c,710,9,2005,0,,,
469,470,470,a,c,50,7,2008,0,,,
470,471,471,d,a,5300,6,2007,1,45.0,2009.0,"Feb,May,Aug,Nov"
471,472,472,c,c,5030,8,2011,0,,,
472,473,473,a,a,50,7,2008,0,,,
473,474,474,c,a,14810,7,2010,1,14.0,2011.0,"Mar,Jun,Sept,Dec"
474,475,475,a,a,140,9,2005,0,,,
475,476,476,d,a,8300,9,2006,0,,,
476,477,477,d,a,770,7,2010,1,35.0,2010.0,"Jan,Apr,Jul,Oct"
477,478,478,d,c,1940,3,2012,0,,,
478,479,479,a,a,320,12,2005,1,9.0,2011.0,"Feb,May,Aug,Nov"
479,480,480,a,a,300,11,2012,0,,,
480,481,481,c,c,7470,7,2008,1,44.0,2012.0,"Feb,May,Aug,Nov"
481,482,482,c,a,2550,10,2005,0,,,
482,483,483,a,c,2310,9,2011,1,13.0,2010.0,"Jan,Apr,Jul,Oct"
483,484,484,a,c,14300,3,2011,0,,,
484,485,485,d,c,3270,7,2009,1,22.0,2012.0,"Jan,Apr,Jul,Oct"
485,486,486,a,a,2320,8,2008,1,31.0,2013.0,"Jan,Apr,Jul,Oct"
486,487,487,d,c,2180,9,2012,1,40.0,2012.0,"Jan,Apr,Jul,Oct"
487,488,488,a,c,2890,4,2014,0,,,
488,489,489,a,a,14960,11,2013,1,37.0,2009.0,"Jan,Apr,Jul,Oct"
489,490,490,a,a,660,4,2013,1,40.0,2014.0,"Jan,Apr,Jul,Oct"
490,491,491,d,c,4680,7,2009,1,22.0,2012.0,"Mar,Jun,Sept,Dec"
491,492,492,a,a,1740,3,2008,1,40.0,2012.0,"Jan,Apr,Jul,Oct"
492,493,493,d,c,1150,7,2009,1,14.0,2011.0,"Jan,Apr,Jul,Oct"
493,494,494,b,a,1260,6,2011,0,,,
494,495,495,d,a,5470,6,2008,1,37.0,2009.0,"Jan,Apr,Jul,Oct"
495,496,496,d,c,2780,6,2015,0,,,
496,497,497,a,c,1610,7,2008,0,,,
497,498,498,a,a,990,8,2007,1,40.0,2014.0,"Jan,Apr,Jul,Oct"
498,499,499,c,c,450,8,2009,1,5.0,2013.0,"Feb,May,Aug,Nov"
499,500,500,d,c,10690,9,2007,1,5.0,2013.0,"Jan,Apr,Jul,Oct"
500,501,501,a,c,1620,9,2006,0,,,
501,502,502,a,a,220,2,2002,1,37.0,2009.0,"Jan,Apr,Jul,Oct"
502,503,503,d,c,13080,9,2006,1,14.0,2011.0,"Jan,Apr,Jul,Oct"
503,504,504,c,c,820,7,2008,0,,,
504,505,505,a,a,350,8,2009,1,5.0,2013.0,"Feb,May,Aug,Nov"
505,506,506,a,a,1850,12,2014,1,18.0,2011.0,"Feb,May,Aug,Nov"
506,507,507,a,c,9070,4,2011,1,37.0,2009.0,"Jan,Apr,Jul,Oct"
507,508,508,a,c,1280,7,2007,1,40.0,2011.0,"Jan,Apr,Jul,Oct"
508,509,509,a,a,4740,7,2008,1,37.0,2009.0,"Jan,Apr,Jul,Oct"
509,510,510,a,c,8260,7,2009,0,,,
510,511,511,a,a,2060,9,2009,0,,,
511,512,512,b,b,590,8,2009,1,5.0,2013.0,"Mar,Jun,Sept,Dec"
512,513,513,a,a,400,8,2013,0,,,
513,514,514,c,c,1200,7,2012,1,27.0,2012.0,"Jan,Apr,Jul,Oct"
514,515,515,d,c,11260,7,2010,1,9.0,2011.0,"Feb,May,Aug,Nov"
515,516,516,a,c,20,6,2007,1,35.0,2010.0,"Mar,Jun,Sept,Dec"
516,517,517,a,c,22490,6,2010,0,,,
517,518,518,d,c,3330,3,2015,1,13.0,2010.0,"Jan,Apr,Jul,Oct"
518,519,519,c,c,2510,8,2009,1,1.0,2012.0,"Jan,Apr,Jul,Oct"
519,520,520,a,c,6900,7,2008,1,40.0,2012.0,"Mar,Jun,Sept,Dec"
520,521,521,d,a,18610,11,2002,1,48.0,2011.0,"Mar,Jun,Sept,Dec"
521,522,522,d,c,7160,11,2012,1,9.0,2011.0,"Jan,Apr,Jul,Oct"
522,523,523,c,c,50,11,2013,0,,,
523,524,524,a,c,40860,9,2013,0,,,
524,525,525,d,c,1870,9,2013,0,,,
525,526,526,a,a,120,6,2007,1,48.0,2011.0,"Mar,Jun,Sept,Dec"
526,527,527,d,c,5830,4,2008,0,,,
527,528,528,a,c,20620,5,2009,1,37.0,2009.0,"Jan,Apr,Jul,Oct"
528,529,529,d,c,12920,9,2012,0,,,
529,530,530,a,c,18160,7,2010,0,,,
530,531,531,a,c,4030,7,2009,0,,,
531,532,532,a,c,1070,8,2010,0,,,
532,533,533,a,c,5950,7,2009,0,,,
533,534,534,d,a,1200,9,2009,1,45.0,2009.0,"Jan,Apr,Jul,Oct"
534,535,535,a,a,3570,4,2007,0,,,
535,536,536,a,c,4700,9,2002,1,31.0,2013.0,"Feb,May,Aug,Nov"
536,537,537,a,a,600,5,2002,1,1.0,2012.0,"Jan,Apr,Jul,Oct"
537,538,538,a,a,990,2,2010,0,,,
538,539,539,a,a,770,5,2013,1,40.0,2014.0,"Jan,Apr,Jul,Oct"
539,540,540,d,c,810,7,2007,1,48.0,2012.0,"Jan,Apr,Jul,Oct"
540,541,541,a,c,650,7,1990,0,,,
541,542,542,a,a,7280,9,2012,1,1.0,2013.0,"Jan,Apr,Jul,Oct"
542,543,543,c,a,1080,12,2012,0,,,
543,544,544,a,a,250,12,2001,1,13.0,2010.0,"Jan,Apr,Jul,Oct"
544,545,545,a,c,5020,5,2006,1,18.0,2014.0,"Feb,May,Aug,Nov"
545,546,546,a,a,580,1,2005,0,,,
546,547,547,d,c,8990,11,2009,1,35.0,2010.0,"Mar,Jun,Sept,Dec"
547,548,548,d,c,3760,2,2009,0,,,
548,549,549,a,c,2330,7,2008,0,,,
549,550,550,d,c,50,6,2015,0,,,
550,551,551,a,c,2190,9,2013,0,,,
551,552,552,a,a,4260,7,2008,1,37.0,2009.0,"Jan,Apr,Jul,Oct"
552,553,553,c,a,3040,9,2002,1,13.0,2010.0,"Jan,Apr,Jul,Oct"
553,554,554,c,c,1200,7,2008,0,,,
554,555,555,d,a,1560,1,2014,1,10.0,2013.0,"Mar,Jun,Sept,Dec"
555,556,556,d,c,1140,11,2014,0,,,
556,557,557,a,a,250,7,2008,0,,,
557,558,558,a,a,3000,2,2010,0,,,
558,559,559,d,a,3910,11,2006,1,5.0,2013.0,"Feb,May,Aug,Nov"
559,560,560,c,c,1910,7,2013,0,,,
560,561,561,d,a,14300,7,2009,0,,,
561,562,562,b,c,1210,7,2008,0,,,
562,563,563,a,a,700,3,2015,1,10.0,2014.0,"Jan,Apr,Jul,Oct"
563,564,564,d,c,6540,8,2009,1,14.0,2013.0,"Jan,Apr,Jul,Oct"
564,565,565,a,c,160,7,2007,0,,,
565,566,566,a,a,3620,7,2008,1,40.0,2013.0,"Jan,Apr,Jul,Oct"
566,567,567,c,a,1010,9,2012,1,18.0,2011.0,"Feb,May,Aug,Nov"
567,568,568,d,c,4270,8,2010,1,1.0,2013.0,"Jan,Apr,Jul,Oct"
568,569,569,a,a,1340,9,2006,0,,,
569,570,570,a,a,180,11,2006,0,,,
570,571,571,d,a,2110,11,1995,1,40.0,2014.0,"Jan,Apr,Jul,Oct"
571,572,572,d,c,9230,4,2004,1,37.0,2009.0,"Jan,Apr,Jul,Oct"
572,573,573,a,a,1190,11,2012,1,36.0,2013.0,"Jan,Apr,Jul,Oct"
573,574,574,d,a,4400,7,2009,0,,,
574,575,575,a,a,960,5,2008,1,13.0,2010.0,"Jan,Apr,Jul,Oct"
575,576,576,c,a,50,11,2006,0,,,
576,577,577,a,c,2270,7,2008,1,35.0,2012.0,"Mar,Jun,Sept,Dec"
577,578,578,d,a,12700,4,2013,0,,,
578,579,579,c,a,20970,11,2012,0,,,
579,580,580,a,c,170,2,2009,0,,,
580,581,581,a,a,7250,12,2013,0,,,
581,582,582,a,a,120,7,2008,0,,,
582,583,583,a,a,2640,11,2002,0,,,
583,584,584,d,a,1360,6,2008,1,35.0,2010.0,"Mar,Jun,Sept,Dec"
584,585,585,d,c,440,4,2014,0,,,
585,586,586,a,c,250,10,2008,0,,,
586,587,587,d,c,330,9,2006,1,14.0,2011.0,"Jan,Apr,Jul,Oct"
587,588,588,d,c,15720,3,2010,0,,,
588,589,589,a,c,360,8,2009,1,18.0,2013.0,"Feb,May,Aug,Nov"
589,590,590,d,c,4520,9,2010,1,31.0,2013.0,"Jan,Apr,Jul,Oct"
590,591,591,a,c,3340,7,2009,1,22.0,2012.0,"Mar,Jun,Sept,Dec"
591,592,592,a,a,2540,6,2005,0,,,
592,593,593,a,c,33060,3,2010,0,,,
593,594,594,a,a,1790,10,2011,0,,,
594,595,595,c,c,1130,6,2015,0,,,
595,596,596,c,a,290,9,2006,0,,,
596,597,597,a,a,150,9,2008,1,1.0,2012.0,"Mar,Jun,Sept,Dec"
597,598,598,c,a,550,12,2013,1,40.0,2014.0,"Jan,Apr,Jul,Oct"
598,599,599,d,c,580,11,2014,0,,,
599,600,600,d,c,17340,6,2010,1,9.0,2011.0,"Feb,May,Aug,Nov"
600,601,601,d,a,8220,4,2014,1,14.0,2011.0,"Jan,Apr,Jul,Oct"
601,602,602,a,a,2710,7,2001,1,22.0,2012.0,"Mar,Jun,Sept,Dec"
602,603,603,a,a,340,4,2007,1,13.0,2010.0,"Jan,Apr,Jul,Oct"
603,604,604,d,a,10950,3,2014,0,,,
604,605,605,d,a,10310,4,2003,1,37.0,2009.0,"Jan,Apr,Jul,Oct"
605,606,606,a,a,2260,11,2007,0,,,
606,607,607,a,a,350,8,1999,1,14.0,2011.0,"Jan,Apr,Jul,Oct"
607,608,608,a,c,18370,2,2013,1,14.0,2011.0,"Jan,Apr,Jul,Oct"
608,609,609,a,a,2070,9,2007,0,,,
609,610,610,a,a,660,1,2007,0,,,
610,611,611,a,a,8080,12,2002,1,40.0,2014.0,"Jan,Apr,Jul,Oct"
611,612,612,d,c,2490,11,2012,1,31.0,2009.0,"Jan,Apr,Jul,Oct"
612,613,613,c,a,250,6,2007,1,14.0,2011.0,"Jan,Apr,Jul,Oct"
613,614,614,a,a,1160,12,2012,0,,,
614,615,615,d,a,730,8,2007,0,,,
615,616,616,a,c,3040,8,2011,1,35.0,2010.0,"Mar,Jun,Sept,Dec"
616,617,617,a,c,8940,7,2010,1,9.0,2011.0,"Jan,Apr,Jul,Oct"
617,618,618,d,c,9910,7,2009,0,,,
618,619,619,a,a,1600,6,2006,1,45.0,2009.0,"Feb,May,Aug,Nov"
619,620,620,d,c,5440,8,2008,1,40.0,2014.0,"Jan,Apr,Jul,Oct"
620,621,621,a,a,30,7,2002,0,,,
621,622,622,a,c,5404,7,2009,0,,,
622,623,623,a,a,4080,3,2011,1,13.0,2010.0,"Jan,Apr,Jul,Oct"
623,624,624,a,c,6920,9,2011,0,,,
624,625,625,a,a,1170,4,2011,1,22.0,2012.0,"Feb,May,Aug,Nov"
625,626,626,c,c,10740,11,2013,0,,,
626,627,627,c,c,3970,3,2010,0,,,
627,628,628,a,c,2180,7,2008,0,,,
628,629,629,d,a,510,7,2014,1,23.0,2015.0,"Mar,Jun,Sept,Dec"
629,630,630,a,a,1690,4,2015,0,,,
630,631,631,d,c,2870,7,2008,1,35.0,2012.0,"Mar,Jun,Sept,Dec"
631,632,632,a,a,3350,2,2010,0,,,
632,633,633,d,a,11640,4,2005,1,22.0,2011.0,"Jan,Apr,Jul,Oct"
633,634,634,d,a,18610,7,2010,0,,,
634,635,635,a,a,27530,4,2014,0,,,
635,636,636,c,a,720,10,2004,1,13.0,2010.0,"Jan,Apr,Jul,Oct"
636,637,637,d,c,9790,6,2008,1,31.0,2009.0,"Feb,May,Aug,Nov"
637,638,638,d,a,10170,11,2001,0,,,
638,639,639,a,a,7780,11,2006,0,,,
639,640,640,d,c,8040,7,2009,0,,,
640,641,641,a,c,610,12,2003,1,36.0,2013.0,"Mar,Jun,Sept,Dec"
641,642,642,c,c,530,4,2005,1,35.0,2010.0,"Mar,Jun,Sept,Dec"
642,643,643,a,a,230,6,2010,1,18.0,2010.0,"Feb,May,Aug,Nov"
643,644,644,c,a,4030,12,2004,1,14.0,2011.0,"Jan,Apr,Jul,Oct"
644,645,645,a,a,90,6,2007,1,45.0,2009.0,"Feb,May,Aug,Nov"
645,646,646,a,a,620,9,2014,0,,,
646,647,647,a,c,7420,4,2013,0,,,
647,648,648,d,a,2130,12,2008,0,,,
648,649,649,a,a,14570,11,2002,0,,,
649,650,650,a,a,1420,10,2012,1,40.0,2014.0,"Jan,Apr,Jul,Oct"
650,651,651,a,a,200,7,2008,0,,,
651,652,652,a,a,20390,7,2010,0,,,
652,653,653,d,c,7520,7,2014,1,45.0,2009.0,"Feb,May,Aug,Nov"
653,654,654,c,a,6930,9,2006,0,,,
654,655,655,d,c,960,11,2012,1,5.0,2013.0,"Feb,May,Aug,Nov"
655,656,656,d,a,410,4,2009,1,13.0,2010.0,"Jan,Apr,Jul,Oct"
656,657,657,c,c,80,1,2006,1,10.0,2014.0,"Jan,Apr,Jul,Oct"
657,658,658,d,c,520,6,2007,1,37.0,2009.0,"Jan,Apr,Jul,Oct"
658,659,659,d,a,1590,3,2012,0,,,
659,660,660,a,a,1200,11,2006,1,40.0,2014.0,"Jan,Apr,Jul,Oct"
660,661,661,d,c,2140,7,2013,0,,,
661,662,662,d,a,1070,7,2008,0,,,
662,663,663,a,c,7860,5,2005,0,,,
663,664,664,d,c,1680,10,2005,0,,,
664,665,665,a,a,90,12,2012,1,14.0,2011.0,"Jan,Apr,Jul,Oct"
665,666,666,c,c,2700,7,2009,1,9.0,2011.0,"Mar,Jun,Sept,Dec"
666,667,667,d,c,2870,9,2012,0,,,
667,668,668,c,a,1270,9,2010,0,,,
668,669,669,d,a,17080,7,2012,1,31.0,2013.0,"Jan,Apr,Jul,Oct"
669,670,670,a,a,2060,6,2007,1,45.0,2009.0,"Feb,May,Aug,Nov"
670,671,671,a,c,2070,2,2008,1,39.0,2010.0,"Jan,Apr,Jul,Oct"
671,672,672,c,a,240,9,2002,0,,,
672,673,673,d,c,15170,8,2011,1,5.0,2013.0,"Feb,May,Aug,Nov"
673,674,674,a,a,2640,12,2005,1,31.0,2013.0,"Feb,May,Aug,Nov"
674,675,675,a,a,2100,8,2013,1,14.0,2011.0,"Jan,Apr,Jul,Oct"
675,676,676,b,b,1410,9,2008,0,,,
676,677,677,d,a,1740,6,2014,1,45.0,2009.0,"Feb,May,Aug,Nov"
677,678,678,c,a,3250,7,2007,1,40.0,2011.0,"Jan,Apr,Jul,Oct"
678,679,679,a,a,4140,9,2012,0,,,
679,680,680,c,a,170,7,2008,1,35.0,2012.0,"Mar,Jun,Sept,Dec"
680,681,681,a,c,620,9,2010,1,1.0,2014.0,"Mar,Jun,Sept,Dec"
681,682,682,b,a,150,9,2006,0,,,
682,683,683,a,a,2850,7,2014,0,,,
683,684,684,d,c,680,7,2008,1,22.0,2012.0,"Jan,Apr,Jul,Oct"
684,685,685,a,a,650,11,2013,1,37.0,2009.0,"Jan,Apr,Jul,Oct"
685,686,686,a,a,20050,4,2002,0,,,
686,687,687,d,c,2770,7,2008,0,,,
687,688,688,a,a,18760,8,2015,1,14.0,2011.0,"Jan,Apr,Jul,Oct"
688,689,689,d,a,15040,10,2004,0,,,
689,690,690,a,a,100,7,2008,0,,,
690,691,691,d,c,3030,6,2007,1,37.0,2009.0,"Jan,Apr,Jul,Oct"
691,692,692,a,a,40,8,2001,0,,,
692,693,693,d,a,450,7,2007,1,40.0,2011.0,"Jan,Apr,Jul,Oct"
693,694,694,a,c,460,11,2012,1,40.0,2014.0,"Jan,Apr,Jul,Oct"
694,695,695,a,a,550,7,2011,1,1.0,2012.0,"Jan,Apr,Jul,Oct"
695,696,696,a,c,430,7,2008,0,,,
696,697,697,d,a,3780,7,2007,1,40.0,2011.0,"Jan,Apr,Jul,Oct"
697,698,698,a,a,1790,5,2011,0,,,
698,699,699,a,a,180,8,2009,1,5.0,2013.0,"Jan,Apr,Jul,Oct"
699,700,700,a,c,830,8,2008,1,27.0,2013.0,"Jan,Apr,Jul,Oct"
700,701,701,d,a,1450,3,2012,1,14.0,2011.0,"Jan,Apr,Jul,Oct"
701,702,702,a,a,8550,9,2001,1,45.0,2009.0,"Feb,May,Aug,Nov"
702,703,703,a,a,80,6,2005,0,,,
703,704,704,d,c,1910,4,2009,0,,,
704,705,705,a,a,4140,9,2012,1,18.0,2011.0,"Feb,May,Aug,Nov"
705,706,706,d,a,7830,9,2014,1,10.0,2014.0,"Mar,Jun,Sept,Dec"
706,707,707,a,c,2900,7,1990,0,,,
707,708,708,c,c,11470,10,2009,1,18.0,2014.0,"Jan,Apr,Jul,Oct"
708,709,709,a,a,500,12,2010,0,,,
709,710,710,d,a,1500,9,2008,1,14.0,2011.0,"Jan,Apr,Jul,Oct"
710,711,711,d,a,17110,3,2007,1,5.0,2010.0,"Jan,Apr,Jul,Oct"
711,712,712,a,a,4870,9,2007,1,45.0,2009.0,"Jan,Apr,Jul,Oct"
712,713,713,a,c,220,8,2009,1,10.0,2014.0,"Jan,Apr,Jul,Oct"
713,714,714,d,c,12070,10,2005,1,10.0,2013.0,"Jan,Apr,Jul,Oct"
714,715,715,a,a,14810,6,2014,0,,,
715,716,716,d,a,3200,1,2008,1,22.0,2011.0,"Jan,Apr,Jul,Oct"
716,717,717,d,c,310,7,2007,1,40.0,2011.0,"Jan,Apr,Jul,Oct"
717,718,718,a,a,1100,6,2015,0,,,
718,719,719,c,c,8190,6,2007,1,45.0,2009.0,"Feb,May,Aug,Nov"
719,720,720,a,c,15320,3,2011,1,14.0,2013.0,"Feb,May,Aug,Nov"
720,721,721,a,c,3590,9,2012,1,22.0,2012.0,"Mar,Jun,Sept,Dec"
721,722,722,a,a,50,7,2008,0,,,
722,723,723,d,c,5650,9,2008,1,5.0,2013.0,"Feb,May,Aug,Nov"
723,724,724,d,c,5900,7,2009,0,,,
724,725,725,d,c,17540,6,2012,0,,,
725,726,726,a,c,40540,2,2002,0,,,
726,727,727,a,a,2050,3,2007,0,,,
727,728,728,d,a,13990,7,2010,1,14.0,2011.0,"Jan,Apr,Jul,Oct"
728,729,729,c,c,8980,6,2011,0,,,
729,730,730,c,a,1190,9,2013,0,,,
730,731,731,a,a,15270,8,2010,1,10.0,2014.0,"Jan,Apr,Jul,Oct"
731,732,732,a,c,35280,6,2011,0,,,
732,733,733,b,b,860,10,1999,0,,,
733,734,734,a,a,220,7,2008,1,36.0,2013.0,"Mar,Jun,Sept,Dec"
734,735,735,d,c,1920,4,2005,0,,,
735,736,736,c,c,1650,7,2009,1,14.0,2011.0,"Jan,Apr,Jul,Oct"
736,737,737,a,a,100,5,2007,1,31.0,2013.0,"Jan,Apr,Jul,Oct"
737,738,738,d,c,5980,10,2005,0,,,
738,739,739,d,c,2770,6,2008,1,22.0,2011.0,"Jan,Apr,Jul,Oct"
739,740,740,d,a,6400,3,2014,0,,,
740,741,741,d,c,11900,7,2009,0,,,
741,742,742,d,c,4380,7,2009,0,,,
742,743,743,a,a,6710,11,2003,1,14.0,2012.0,"Jan,Apr,Jul,Oct"
743,744,744,a,a,1370,12,2011,1,40.0,2014.0,"Jan,Apr,Jul,Oct"
744,745,745,a,a,17650,11,2013,1,37.0,2009.0,"Jan,Apr,Jul,Oct"
745,746,746,d,c,4330,2,2011,1,35.0,2011.0,"Mar,Jun,Sept,Dec"
746,747,747,c,c,45740,8,2008,0,,,
747,748,748,d,a,2380,3,2010,1,14.0,2011.0,"Jan,Apr,Jul,Oct"
748,749,749,a,a,3410,8,2011,1,14.0,2015.0,"Jan,Apr,Jul,Oct"
749,750,750,d,a,8670,2,2002,1,14.0,2011.0,"Jan,Apr,Jul,Oct"
750,751,751,a,a,650,10,2006,0,,,
751,752,752,a,a,970,3,2013,1,31.0,2013.0,"Feb,May,Aug,Nov"
752,753,753,d,c,540,11,2012,1,35.0,2010.0,"Mar,Jun,Sept,Dec"
753,754,754,c,c,380,5,2008,1,10.0,2014.0,"Mar,Jun,Sept,Dec"
754,755,755,d,c,13130,12,2003,0,,,
755,756,756,a,c,50,7,2007,1,40.0,2011.0,"Jan,Apr,Jul,Oct"
756,757,757,a,c,3450,7,2008,0,,,
757,758,758,a,c,19780,6,2008,0,,,
758,759,759,a,a,110,11,2012,1,31.0,2013.0,"Feb,May,Aug,Nov"
759,760,760,a,a,560,1,2011,0,,,
760,761,761,a,a,2390,9,2012,0,,,
761,762,762,d,c,1280,8,2009,1,10.0,2013.0,"Mar,Jun,Sept,Dec"
762,763,763,d,c,32240,3,2010,0,,,
763,764,764,a,c,26490,8,2011,1,10.0,2014.0,"Mar,Jun,Sept,Dec"
764,765,765,a,c,25430,5,1999,1,37.0,2009.0,"Jan,Apr,Jul,Oct"
765,766,766,d,c,9820,7,2009,0,,,
766,767,767,a,c,13080,7,2009,0,,,
767,768,768,a,c,2630,9,2012,0,,,
768,769,769,b,b,840,7,2007,1,48.0,2012.0,"Jan,Apr,Jul,Oct"
769,770,770,a,c,100,4,2015,0,,,
770,771,771,a,a,20640,9,2007,0,,,
771,772,772,d,c,1850,7,2008,0,,,
772,773,773,a,a,200,7,2008,0,,,
773,774,774,a,c,640,9,2013,0,,,
774,775,775,d,c,6970,12,2005,1,22.0,2011.0,"Jan,Apr,Jul,Oct"
775,776,776,c,a,700,4,2009,1,14.0,2011.0,"Jan,Apr,Jul,Oct"
776,777,777,d,c,8250,10,2004,1,10.0,2013.0,"Mar,Jun,Sept,Dec"
777,778,778,a,a,340,6,2003,1,40.0,2014.0,"Jan,Apr,Jul,Oct"
778,779,779,a,a,16990,4,2004,0,,,
779,780,780,a,a,18160,7,2010,0,,,
780,781,781,a,a,630,4,2007,0,,,
781,782,782,c,c,5390,8,2003,1,1.0,2012.0,"Jan,Apr,Jul,Oct"
782,783,783,d,c,15490,7,2009,0,,,
783,784,784,a,a,560,10,2014,1,10.0,2014.0,"Jan,Apr,Jul,Oct"
784,785,785,d,c,970,7,2005,1,31.0,2013.0,"Feb,May,Aug,Nov"
785,786,786,a,a,290,11,2006,1,5.0,2013.0,"Feb,May,Aug,Nov"
786,787,787,c,c,3210,6,2009,0,,,
787,788,788,a,c,1530,3,2013,0,,,
788,789,789,a,c,9770,7,2003,0,,,
789,790,790,d,c,9070,12,2003,0,,,
790,791,791,a,a,5950,4,2007,0,,,
791,792,792,d,a,17280,10,2009,1,18.0,2011.0,"Feb,May,Aug,Nov"
792,793,793,d,a,2710,7,2006,0,,,
793,794,794,c,c,5090,9,2006,0,,,
794,795,795,d,a,510,6,2007,1,35.0,2010.0,"Mar,Jun,Sept,Dec"
795,796,796,a,c,7180,11,2012,0,,,
796,797,797,a,a,2090,10,2012,1,40.0,2014.0,"Jan,Apr,Jul,Oct"
797,798,798,a,a,9560,4,2001,0,,,
798,799,799,a,c,2700,7,2008,0,,,
799,800,800,d,a,2020,7,2014,0,,,
800,801,801,d,a,48330,4,2013,0,,,
801,802,802,a,c,910,7,2008,1,22.0,2011.0,"Feb,May,Aug,Nov"
802,803,803,d,a,1760,8,2009,1,10.0,2014.0,"Mar,Jun,Sept,Dec"
803,804,804,c,c,2100,8,2010,1,1.0,2013.0,"Jan,Apr,Jul,Oct"
804,805,805,d,a,24770,10,2011,1,10.0,2014.0,"Mar,Jun,Sept,Dec"
805,806,806,d,a,260,6,2007,1,44.0,2010.0,"Feb,May,Aug,Nov"
806,807,807,a,a,3870,4,2008,0,,,
807,808,808,a,a,18620,6,2009,1,31.0,2009.0,"Feb,May,Aug,Nov"
808,809,809,a,a,12770,10,2000,0,,,
809,810,810,d,c,9640,11,2013,0,,,
810,811,811,a,a,410,9,2012,0,,,
811,812,812,d,a,2590,9,2012,0,,,
812,813,813,a,a,1560,9,2003,0,,,
813,814,814,d,c,24530,7,2013,0,,,
814,815,815,a,a,590,1,1900,1,40.0,2014.0,"Jan,Apr,Jul,Oct"
815,816,816,c,c,460,7,2008,0,,,
816,817,817,a,a,140,3,2006,0,,,
817,818,818,d,a,490,6,2007,1,35.0,2010.0,"Mar,Jun,Sept,Dec"
818,819,819,a,c,720,10,2014,0,,,
819,820,820,a,c,1650,8,2008,1,40.0,2014.0,"Jan,Apr,Jul,Oct"
820,821,821,a,a,1700,9,2009,0,,,
821,822,822,a,c,410,11,2010,1,48.0,2010.0,"Mar,Jun,Sept,Dec"
822,823,823,a,c,16210,11,2010,0,,,
823,824,824,a,a,17570,7,2010,0,,,
824,825,825,a,a,380,5,2011,1,40.0,2014.0,"Jan,Apr,Jul,Oct"
825,826,826,a,c,7980,6,2005,0,,,
826,827,827,a,c,250,1,2005,0,,,
827,828,828,d,c,3290,12,2014,0,,,
828,829,829,c,a,110,7,2008,0,,,
829,830,830,a,c,6320,7,2010,1,5.0,2011.0,"Jan,Apr,Jul,Oct"
830,831,831,a,a,800,6,2007,0,,,
831,832,832,d,a,5070,6,2007,1,45.0,2009.0,"Feb,May,Aug,Nov"
832,833,833,d,c,3290,12,1999,1,35.0,2010.0,"Mar,Jun,Sept,Dec"
833,834,834,a,a,3470,3,2012,0,,,
834,835,835,a,a,2890,12,2007,1,10.0,2014.0,"Mar,Jun,Sept,Dec"
835,836,836,a,a,2720,9,2012,0,,,
836,837,837,a,c,14600,4,2015,0,,,
837,838,838,d,c,6890,6,2007,1,48.0,2011.0,"Mar,Jun,Sept,Dec"
838,839,839,c,a,240,1,2015,0,,,
839,840,840,a,a,1070,9,2009,0,,,
840,841,841,a,a,27650,8,2004,0,,,
841,842,842,d,c,1200,11,2007,0,,,
842,843,843,c,a,60,4,2006,0,,,
843,844,844,a,a,2030,9,2012,1,18.0,2011.0,"Feb,May,Aug,Nov"
844,845,845,d,a,7860,11,2005,1,14.0,2011.0,"Jan,Apr,Jul,Oct"
845,846,846,a,c,8860,4,2004,1,37.0,2009.0,"Jan,Apr,Jul,Oct"
846,847,847,c,c,190,8,2008,1,31.0,2013.0,"Feb,May,Aug,Nov"
847,848,848,a,c,370,7,2007,1,14.0,2011.0,"Jan,Apr,Jul,Oct"
848,849,849,c,c,5000,7,2009,0,,,
849,850,850,d,a,1120,5,2007,1,31.0,2013.0,"Jan,Apr,Jul,Oct"
850,851,851,d,c,2330,7,2007,1,49.0,2014.0,"Mar,Jun,Sept,Dec"
851,852,852,c,a,940,4,2004,1,14.0,2011.0,"Jan,Apr,Jul,Oct"
852,853,853,a,a,14040,7,2009,0,,,
853,854,854,c,a,4770,7,2009,1,13.0,2010.0,"Jan,Apr,Jul,Oct"
854,855,855,a,a,3440,6,2007,1,45.0,2009.0,"Feb,May,Aug,Nov"
855,856,856,a,a,3020,2,2010,0,,,
856,857,857,c,a,6270,8,2005,1,23.0,2014.0,"Mar,Jun,Sept,Dec"
857,858,858,a,a,3370,12,2008,1,40.0,2014.0,"Jan,Apr,Jul,Oct"
858,859,859,c,a,21770,7,2015,0,,,
859,860,860,c,c,5980,2,2010,0,,,
860,861,861,c,c,740,8,2009,1,14.0,2013.0,"Mar,Jun,Sept,Dec"
861,862,862,a,c,2840,3,2010,1,14.0,2011.0,"Jan,Apr,Jul,Oct"
862,863,863,a,c,21370,11,2010,0,,,
863,864,864,a,a,1020,10,2012,1,45.0,2009.0,"Feb,May,Aug,Nov"
864,865,865,d,c,2640,7,2008,0,,,
865,866,866,d,a,9680,8,2010,1,5.0,2013.0,"Feb,May,Aug,Nov"
866,867,867,d,c,21810,9,2012,0,,,
867,868,868,d,c,1360,8,2005,1,10.0,2014.0,"Jan,Apr,Jul,Oct"
868,869,869,c,a,230,10,2001,1,14.0,2011.0,"Jan,Apr,Jul,Oct"
869,870,870,a,a,780,4,2009,0,,,
870,871,871,d,c,10620,7,2009,0,,,
871,872,872,a,c,3860,9,2014,1,23.0,2015.0,"Mar,Jun,Sept,Dec"
872,873,873,a,a,2040,11,2008,0,,,
873,874,874,a,a,3210,7,2008,0,,,
874,875,875,d,a,5070,11,2007,1,18.0,2015.0,"Feb,May,Aug,Nov"
875,876,876,a,a,21790,4,2005,1,18.0,2015.0,"Feb,May,Aug,Nov"
876,877,877,a,c,29190,6,2010,0,,,
877,878,878,d,c,1100,12,2014,0,,,
878,879,879,d,a,4791,8,2010,1,5.0,2013.0,"Feb,May,Aug,Nov"
879,880,880,a,c,4570,7,2009,0,,,
880,881,881,a,a,180,3,2008,1,31.0,2013.0,"Feb,May,Aug,Nov"
881,882,882,a,a,30,4,2013,0,,,
882,883,883,a,a,3200,6,2005,0,,,
883,884,884,d,c,7550,7,2009,0,,,
884,885,885,a,a,480,12,2005,0,,,
885,886,886,a,c,12430,10,2004,0,,,
886,887,887,d,a,19700,5,2009,1,37.0,2009.0,"Jan,Apr,Jul,Oct"
887,888,888,d,a,4450,6,2012,1,35.0,2012.0,"Mar,Jun,Sept,Dec"
888,889,889,d,a,18670,12,2005,0,,,
889,890,890,a,a,4450,7,2009,1,14.0,2011.0,"Jan,Apr,Jul,Oct"
890,891,891,a,c,350,8,2008,1,31.0,2013.0,"Feb,May,Aug,Nov"
891,892,892,a,a,19370,4,2002,0,,,
892,893,893,a,a,130,8,2010,1,1.0,2013.0,"Jan,Apr,Jul,Oct"
893,894,894,a,a,190,11,2012,0,,,
894,895,895,a,c,4150,7,2009,0,,,
895,896,896,a,c,170,9,2012,0,,,
896,897,897,c,c,3290,1,2007,1,5.0,2013.0,"Feb,May,Aug,Nov"
897,898,898,a,a,18540,7,2010,0,,,
898,899,899,d,a,2590,7,2009,1,13.0,2010.0,"Jan,Apr,Jul,Oct"
899,900,900,a,a,3920,4,2005,1,40.0,2014.0,"Jan,Apr,Jul,Oct"
900,901,901,a,c,3170,4,2014,0,,,
901,902,902,a,a,310,5,2015,1,40.0,2014.0,"Jan,Apr,Jul,Oct"
902,903,903,d,c,7290,9,2014,0,,,
903,904,904,d,c,570,7,2013,1,14.0,2011.0,"Jan,Apr,Jul,Oct"
904,905,905,a,a,90,6,2014,0,,,
905,906,906,a,a,90,7,2010,0,,,
906,907,907,a,c,250,7,2008,0,,,
907,908,908,a,a,1980,7,2010,1,37.0,2009.0,"Jan,Apr,Jul,Oct"
908,909,909,a,c,1680,6,2007,1,45.0,2009.0,"Feb,May,Aug,Nov"
909,910,910,d,c,12480,8,2011,1,1.0,2013.0,"Jan,Apr,Jul,Oct"
910,911,911,a,c,16490,7,2009,0,,,
911,912,912,c,c,3100,5,2010,0,,,
912,913,913,a,a,280,7,2008,0,,,
913,914,914,c,c,2640,4,2011,1,22.0,2012.0,"Mar,Jun,Sept,Dec"
914,915,915,d,c,650,3,2013,1,40.0,2014.0,"Jan,Apr,Jul,Oct"
915,916,916,a,a,90,11,2012,0,,,
916,917,917,a,a,7240,2,2010,0,,,
917,918,918,a,c,18710,4,2015,0,,,
918,919,919,a,a,2620,6,2007,1,45.0,2009.0,"Feb,May,Aug,Nov"
919,920,920,a,a,850,2,2012,1,40.0,2014.0,"Jan,Apr,Jul,Oct"
920,921,921,a,a,840,9,2006,0,,,
921,922,922,d,a,2110,3,2006,0,,,
922,923,923,a,a,280,9,2008,0,,,
923,924,924,a,a,6420,4,2011,1,1.0,2012.0,"Jan,Apr,Jul,Oct"
924,925,925,c,a,470,3,2007,1,1.0,2012.0,"Jan,Apr,Jul,Oct"
925,926,926,d,c,5150,3,2011,1,13.0,2010.0,"Jan,Apr,Jul,Oct"
926,927,927,a,a,480,7,2008,0,,,
927,928,928,d,c,1090,8,2008,1,31.0,2013.0,"Feb,May,Aug,Nov"
928,929,929,a,c,4820,9,2013,0,,,
929,930,930,a,a,70,7,2008,0,,,
930,931,931,a,c,1480,9,2011,1,1.0,2012.0,"Jan,Apr,Jul,Oct"
931,932,932,a,a,15700,6,2010,1,13.0,2010.0,"Jan,Apr,Jul,Oct"
932,933,933,a,c,6270,2,2005,0,,,
933,934,934,a,c,5460,7,2009,1,14.0,2011.0,"Jan,Apr,Jul,Oct"
934,935,935,a,c,22350,6,2010,0,,,
935,936,936,a,a,580,2,2008,0,,,
936,937,937,d,a,2810,8,2009,1,10.0,2014.0,"Jan,Apr,Jul,Oct"
937,938,938,a,a,2820,9,2009,0,,,
938,939,939,d,a,1340,7,2008,0,,,
939,940,940,d,c,6470,9,2012,0,,,
940,941,941,a,a,1200,12,2011,1,31.0,2013.0,"Jan,Apr,Jul,Oct"
941,942,942,d,c,6860,7,2009,1,18.0,2011.0,"Jan,Apr,Jul,Oct"
942,943,943,d,c,18020,7,2010,0,,,
943,944,944,c,a,1670,7,2015,0,,,
944,945,945,a,c,12480,3,2011,0,,,
945,946,946,a,a,2220,12,2011,1,14.0,2015.0,"Jan,Apr,Jul,Oct"
946,947,947,a,a,460,3,2014,1,13.0,2010.0,"Jan,Apr,Jul,Oct"
947,948,948,b,b,1430,7,2008,0,,,
948,949,949,a,a,870,3,2006,0,,,
949,950,950,a,a,8460,11,1994,0,,,
950,951,951,d,c,710,7,2007,1,40.0,2011.0,"Jan,Apr,Jul,Oct"
951,952,952,d,c,6300,10,2013,0,,,
952,953,953,a,a,19830,4,2006,1,22.0,2011.0,"Mar,Jun,Sept,Dec"
953,954,954,a,a,390,2,2013,1,10.0,2014.0,"Jan,Apr,Jul,Oct"
954,955,955,d,c,1690,7,2009,1,36.0,2013.0,"Mar,Jun,Sept,Dec"
955,956,956,a,a,2330,10,2014,1,18.0,2011.0,"Feb,May,Aug,Nov"
956,957,957,d,c,1420,11,2012,0,,,
957,958,958,a,a,440,11,2013,0,,,
958,959,959,a,c,1060,12,2005,0,,,
959,960,960,d,a,8990,6,2008,1,31.0,2009.0,"Feb,May,Aug,Nov"
960,961,961,d,c,9430,7,2009,0,,,
961,962,962,c,a,260,7,2008,0,,,
962,963,963,a,c,23620,11,2013,0,,,
963,964,964,a,a,270,8,2009,1,5.0,2013.0,"Feb,May,Aug,Nov"
964,965,965,a,c,110,7,2008,0,,,
965,966,966,a,a,760,2,2008,0,,,
966,967,967,a,c,3560,9,2013,1,36.0,2013.0,"Jan,Apr,Jul,Oct"
967,968,968,c,a,1190,7,2008,0,,,
968,969,969,a,c,600,11,1999,1,10.0,2013.0,"Jan,Apr,Jul,Oct"
969,970,970,a,a,910,12,2014,1,37.0,2009.0,"Jan,Apr,Jul,Oct"
970,971,971,c,a,1140,5,2011,1,14.0,2012.0,"Mar,Jun,Sept,Dec"
971,972,972,a,a,14960,7,2009,0,,,
972,973,973,d,c,330,7,2008,1,28.0,2012.0,"Jan,Apr,Jul,Oct"
973,974,974,a,a,150,3,2011,1,40.0,2014.0,"Jan,Apr,Jul,Oct"
974,975,975,a,c,9630,7,2009,1,14.0,2011.0,"Jan,Apr,Jul,Oct"
975,976,976,a,a,4180,7,2009,0,,,
976,977,977,a,a,520,9,2005,1,13.0,2010.0,"Jan,Apr,Jul,Oct"
977,978,978,c,c,3890,7,2009,0,,,
978,979,979,a,c,2270,11,2005,1,14.0,2011.0,"Jan,Apr,Jul,Oct"
979,980,980,a,a,4420,9,2005,0,,,
980,981,981,d,c,2620,11,2002,0,,,
981,982,982,d,a,21930,6,2010,0,,,
982,983,983,a,a,40,3,2014,1,1.0,2014.0,"Jan,Apr,Jul,Oct"
983,984,984,c,a,440,8,2010,1,1.0,2013.0,"Jan,Apr,Jul,Oct"
984,985,985,c,c,490,5,2007,1,13.0,2010.0,"Jan,Apr,Jul,Oct"
985,986,986,a,a,620,10,2014,1,18.0,2014.0,"Feb,May,Aug,Nov"
986,987,987,c,a,1690,6,2007,0,,,
987,988,988,a,a,30,11,2012,0,,,
988,989,989,a,a,1640,6,2006,1,40.0,2011.0,"Jan,Apr,Jul,Oct"
989,990,990,d,a,20930,7,2010,0,,,
990,991,991,a,a,1010,7,2008,0,,,
991,992,992,a,a,2480,7,1990,0,,,
992,993,993,d,c,3460,10,2013,1,10.0,2014.0,"Jan,Apr,Jul,Oct"
993,994,994,a,a,2290,7,2011,1,1.0,2012.0,"Jan,Apr,Jul,Oct"
994,995,995,d,a,6560,12,2013,0,,,
995,996,996,c,a,2870,7,2015,1,13.0,2010.0,"Jan,Apr,Jul,Oct"
996,997,997,d,c,5840,7,2010,1,37.0,2009.0,"Jan,Apr,Jul,Oct"
997,998,998,a,a,780,9,2005,1,5.0,2013.0,"Feb,May,Aug,Nov"
998,999,999,d,c,15140,2,2002,1,37.0,2009.0,"Jan,Apr,Jul,Oct"
999,1000,1000,a,c,2230,5,2009,1,40.0,2014.0,"Jan,Apr,Jul,Oct"
1000,1001,1001,c,a,19640,7,2010,1,14.0,2011.0,"Jan,Apr,Jul,Oct"
1001,1002,1002,d,c,1130,11,2008,0,,,
1002,1003,1003,a,a,170,7,2013,1,27.0,2013.0,"Jan,Apr,Jul,Oct"
1003,1004,1004,d,c,970,7,2009,1,9.0,2011.0,"Mar,Jun,Sept,Dec"
1004,1005,1005,a,a,6480,7,2009,0,,,
1005,1006,1006,c,c,3890,11,2006,1,5.0,2013.0,"Feb,May,Aug,Nov"
1006,1007,1007,c,c,4180,9,2012,0,,,
1007,1008,1008,a,c,30,9,2010,0,,,
1008,1009,1009,a,a,230,7,2004,1,10.0,2014.0,"Jan,Apr,Jul,Oct"
1009,1010,1010,d,c,4610,6,2010,1,18.0,2010.0,"Feb,May,Aug,Nov"
1010,1011,1011,a,c,490,9,2012,1,18.0,2011.0,"Feb,May,Aug,Nov"
1011,1012,1012,d,c,6330,6,2004,1,39.0,2010.0,"Jan,Apr,Jul,Oct"
1012,1013,1013,a,a,630,2,2015,1,31.0,2013.0,"Feb,May,Aug,Nov"
1013,1014,1014,a,c,210,8,2008,1,31.0,2013.0,"Jan,Apr,Jul,Oct"
1014,1015,1015,d,c,9910,12,2010,1,9.0,2011.0,"Mar,Jun,Sept,Dec"
1015,1016,1016,c,c,550,6,2007,1,35.0,2010.0,"Mar,Jun,Sept,Dec"
1016,1017,1017,c,a,110,11,2008,0,,,
1017,1018,1018,c,c,140,9,2012,0,,,
1018,1019,1019,d,c,2740,7,2014,1,13.0,2010.0,"Jan,Apr,Jul,Oct"
1019,1020,1020,a,a,40,8,2015,0,,,
1020,1021,1021,a,a,1080,5,2011,0,,,
1021,1022,1022,a,c,1520,7,2008,0,,,
1022,1023,1023,c,a,3740,2,2002,1,14.0,2011.0,"Jan,Apr,Jul,Oct"
1023,1024,1024,c,c,1990,1,2012,0,,,
1024,1025,1025,a,a,720,11,2009,0,,,
1025,1026,1026,c,a,450,6,2011,1,48.0,2012.0,"Mar,Jun,Sept,Dec"
1026,1027,1027,a,c,190,6,2008,1,40.0,2011.0,"Jan,Apr,Jul,Oct"
1027,1028,1028,a,a,150,8,2008,1,31.0,2013.0,"Jan,Apr,Jul,Oct"
1028,1029,1029,a,a,1590,3,2006,0,,,
1029,1030,1030,a,a,36410,4,2008,0,,,
1030,1031,1031,d,a,590,5,2001,0,,,
1031,1032,1032,d,c,270,2,2013,1,40.0,2012.0,"Jan,Apr,Jul,Oct"
1032,1033,1033,a,a,7680,3,2006,0,,,
1033,1034,1034,a,a,13750,4,2015,0,,,
1034,1035,1035,a,a,27150,6,2010,0,,,
1035,1036,1036,d,c,9560,7,2008,1,36.0,2013.0,"Jan,Apr,Jul,Oct"
1036,1037,1037,a,c,150,7,2008,0,,,
1037,1038,1038,d,a,17290,10,2013,0,,,
1038,1039,1039,a,c,70,6,1990,1,22.0,2012.0,"Mar,Jun,Sept,Dec"
1039,1040,1040,a,a,4030,2,2013,1,10.0,2014.0,"Jan,Apr,Jul,Oct"
1040,1041,1041,c,a,1600,8,2013,1,40.0,2014.0,"Jan,Apr,Jul,Oct"
1041,1042,1042,a,a,3440,7,2008,1,31.0,2013.0,"Feb,May,Aug,Nov"
1042,1043,1043,c,a,420,3,2006,0,,,
1043,1044,1044,c,a,240,4,2015,1,13.0,2010.0,"Jan,Apr,Jul,Oct"
1044,1045,1045,a,c,26990,12,2013,0,,,
1045,1046,1046,d,c,29070,4,2005,0,,,
1046,1047,1047,a,a,3750,6,2007,1,45.0,2009.0,"Feb,May,Aug,Nov"
1047,1048,1048,d,c,1860,9,2012,1,40.0,2012.0,"Jan,Apr,Jul,Oct"
1048,1049,1049,a,a,370,7,2012,1,14.0,2011.0,"Jan,Apr,Jul,Oct"
1049,1050,1050,d,c,13170,8,2014,1,9.0,2011.0,"Mar,Jun,Sept,Dec"
1050,1051,1051,c,a,200,7,1998,1,1.0,2012.0,"Jan,Apr,Jul,Oct"
1051,1052,1052,a,c,5080,7,2008,1,31.0,2013.0,"Feb,May,Aug,Nov"
1052,1053,1053,a,a,1710,7,2015,0,,,
1053,1054,1054,a,c,13190,7,2008,1,45.0,2013.0,"Feb,May,Aug,Nov"
1054,1055,1055,c,a,1980,4,2009,0,,,
1055,1056,1056,d,c,5350,7,2008,1,40.0,2012.0,"Jan,Apr,Jul,Oct"
1056,1057,1057,d,c,3230,11,2011,0,,,
1057,1058,1058,a,c,180,6,2007,1,35.0,2010.0,"Mar,Jun,Sept,Dec"
1058,1059,1059,c,a,3380,4,2013,0,,,
1059,1060,1060,a,c,3430,7,2008,1,31.0,2013.0,"Feb,May,Aug,Nov"
1060,1061,1061,d,c,8110,7,2009,0,,,
1061,1062,1062,d,a,190,9,2012,1,40.0,2012.0,"Feb,May,Aug,Nov"
1062,1063,1063,a,c,6250,7,2009,0,,,
1063,1064,1064,a,c,420,7,2008,0,,,
1064,1065,1065,a,a,1290,7,2008,1,35.0,2011.0,"Mar,Jun,Sept,Dec"
1065,1066,1066,a,a,3350,7,2008,0,,,
1066,1067,1067,d,c,12020,7,2009,0,,,
1067,1068,1068,d,c,5010,8,2010,1,5.0,2013.0,"Jan,Apr,Jul,Oct"
1068,1069,1069,a,c,18050,7,2010,1,14.0,2011.0,"Jan,Apr,Jul,Oct"
1069,1070,1070,c,c,400,10,2008,0,,,
1070,1071,1071,a,a,820,3,2012,1,35.0,2012.0,"Mar,Jun,Sept,Dec"
1071,1072,1072,a,c,5380,8,2015,1,5.0,2010.0,"Feb,May,Aug,Nov"
1072,1073,1073,a,c,1710,7,2007,1,44.0,2012.0,"Jan,Apr,Jul,Oct"
1073,1074,1074,c,c,3330,10,2001,1,14.0,2011.0,"Jan,Apr,Jul,Oct"
1074,1075,1075,a,c,1410,10,2013,0,,,
1075,1076,1076,a,c,90,8,2010,1,1.0,2013.0,"Jan,Apr,Jul,Oct"
1076,1077,1077,a,a,3750,11,2001,1,35.0,2010.0,"Mar,Jun,Sept,Dec"
1077,1078,1078,d,c,670,7,2007,1,40.0,2011.0,"Jan,Apr,Jul,Oct"
1078,1079,1079,a,a,16680,5,2008,1,37.0,2009.0,"Jan,Apr,Jul,Oct"
1079,1080,1080,a,a,2410,8,2008,1,40.0,2014.0,"Jan,Apr,Jul,Oct"
1080,1081,1081,b,a,400,3,2006,0,,,
1081,1082,1082,c,a,440,4,2002,0,,,
1082,1083,1083,d,c,11540,8,2010,1,5.0,2013.0,"Feb,May,Aug,Nov"
1083,1084,1084,a,a,190,7,2009,1,13.0,2010.0,"Jan,Apr,Jul,Oct"
1084,1085,1085,c,a,4030,2,2015,0,,,
1085,1086,1086,a,a,180,11,2013,1,18.0,2011.0,"Feb,May,Aug,Nov"
1086,1087,1087,d,c,2210,11,2011,0,,,
1087,1088,1088,a,a,4300,3,2009,1,27.0,2013.0,"Jan,Apr,Jul,Oct"
1088,1089,1089,d,a,5220,5,2009,0,,,
1089,1090,1090,a,a,330,7,2009,1,14.0,2011.0,"Jan,Apr,Jul,Oct"
1090,1091,1091,a,c,9990,7,2009,0,,,
1091,1092,1092,a,a,300,7,2000,1,40.0,2014.0,"Jan,Apr,Jul,Oct"
1092,1093,1093,c,c,10450,6,2009,0,,,
1093,1094,1094,d,a,2380,3,2013,1,40.0,2014.0,"Jan,Apr,Jul,Oct"
1094,1095,1095,a,a,690,6,2007,1,14.0,2011.0,"Jan,Apr,Jul,Oct"
1095,1096,1096,a,c,1130,8,2009,1,10.0,2014.0,"Mar,Jun,Sept,Dec"
1096,1097,1097,b,b,720,3,2002,0,,,
1097,1098,1098,a,a,1830,11,2004,0,,,
1098,1099,1099,a,c,200,4,2013,1,14.0,2013.0,"Jan,Apr,Jul,Oct"
1099,1100,1100,a,a,540,7,2009,1,14.0,2011.0,"Jan,Apr,Jul,Oct"
1100,1101,1101,d,c,4060,9,2012,0,,,
1101,1102,1102,a,a,850,11,2012,1,40.0,2014.0,"Jan,Apr,Jul,Oct"
1102,1103,1103,d,c,1340,10,2006,1,5.0,2013.0,"Feb,May,Aug,Nov"
1103,1104,1104,d,a,260,2,2012,1,14.0,2011.0,"Jan,Apr,Jul,Oct"
1104,1105,1105,c,c,330,11,2008,1,5.0,2013.0,"Feb,May,Aug,Nov"
1105,1106,1106,a,c,5330,9,2011,1,31.0,2013.0,"Jan,Apr,Jul,Oct"
1106,1107,1107,a,a,1400,6,2012,1,13.0,2010.0,"Jan,Apr,Jul,Oct"
1107,1108,1108,a,a,540,4,2004,0,,,
1108,1109,1109,c,a,3490,4,2011,1,22.0,2012.0,"Jan,Apr,Jul,Oct"
1109,1110,1110,c,c,900,9,2010,0,,,
1110,1111,1111,a,a,1900,6,2014,1,31.0,2013.0,"Jan,Apr,Jul,Oct"
1111,1112,1112,c,c,1880,4,2006,0,,,
1112,1113,1113,a,c,9260,7,2009,0,,,
1113,1114,1114,a,c,870,7,2008,0,,,
1114,1115,1115,d,c,5350,7,2009,1,22.0,2012.0,"Mar,Jun,Sept,Dec"
